Indicator,Data Source,Data Links,Definitions,Procured From,Previous Update,Current Update,Calculations Applied/Notes,Has_Metadata,Has_Data Source,Has_Data Links,Has_Definitions,Has_Procured From,Has_Previous Update,Has_Current Update,Has_Calculations Applied/Notes,Has_Data_Source,Has_Data_Link,Has_Definition,Has_Procurement_Info,Has_Previous_Update,Has_Current_Update,Has_Calculation_Notes,Metadata_Status
Area (sq km),Census 2011,Census Division | Government of India,"Area figure for India (national total) includes the area under unlawful occupation of Pakistan and China. The area includes 78,114 sq.km under illegal occupation of Pakistan, 5,180 sq.km illegally handed over by Pakistan to China and 37,555 sq.km under illegal occupation of China.","Office of the Registrar General of India, Ministry of Home Affairs",2011,No Update Available,,True,True,True,True,True,True,True,False,True,True,True,True,True,True,False,Available
Census Sex Ratio (females per 1000 males),Census,Census Division | Government of India,"The Child Sex Ratio from Census is the number of females per 1,000 males in the age group of 0-6 years.",Economic and Political Weekly Research Foundation (EPWRF),2011,No Update Available,,True,True,True,True,True,True,True,False,True,True,True,True,True,True,False,Available
Dependency Ratio (%),Census; Population Projections for Indian States 2011-2036,https://censusindia.gov.in/census.website/node/378 | Report_Population_Projection_2019.pdf,The dependency ratio is the number of dependents comprising children aged 0-14 years and older adults aged 60 years and above per 100 individuals in the working-age population (15-59 years).,"Office of the Registrar General of India, Ministry of Home Affairs; Population Projections for Indian States 2011-2036",2011; Jul-20,No Update Available,,True,True,True,True,True,True,True,False,True,True,True,True,True,True,False,Available
"Female Labour Force Participation Rate, Age 15 Years and Above (%)",PLFS Annual Reports,https://www.mospi.gov.in/uploads/publications_reports/publications_reports1774607875944_68748a51-8150-4154-a9b9-2e7d81e2abdd_PLFS_2025_F.pdf,Share of females aged 15 years and above participating in the labour force.,EPWRF; PLFS Annual Report 2025,2023-24,"2025; Released in March, 2026",,True,True,True,True,True,True,True,False,True,True,True,True,True,True,False,Available
"Female Unemployment Rate, Age 15 Years and Above (%)",PLFS Annual Reports,https://www.mospi.gov.in/uploads/publications_reports/publications_reports1774607875944_68748a51-8150-4154-a9b9-2e7d81e2abdd_PLFS_2025_F.pdf,Share of unemployed females aged 15 years and above in the female labour force.,EPWRF; PLFS Annual Report 2025,2023-24,"2025; Released in March, 2026",,True,True,True,True,True,True,True,False,True,True,True,True,True,True,False,Available
Forest Cover (sq km),Forest Survey of India (FSI),Welcome To Forest Survey of India,The Forest Survey of India (FSI) defines forest cover as any land that is more than one hectare in area and has a tree canopy density of at least 10%.,Handbook of Statistics on Indian States;,2021,"2023; December 21, 2024",,True,True,True,True,True,True,True,False,True,True,True,True,True,True,False,Available
"Labour Force Participation Rate, Age 15 Years and Above (%)",PLFS Annual Reports,https://www.mospi.gov.in/uploads/publications_reports/publications_reports1774607875944_68748a51-8150-4154-a9b9-2e7d81e2abdd_PLFS_2025_F.pdf,"The labour force is defined as all persons aged 15 years and above who are either employed (engaged in economic activity) or unemployed but actively seeking or available for work. The Labour Force Participation Rate (LFPR) represents the proportion of this labour force in relation to the total population of the same age group. The LFPR is estimated using the Usual Status (PS+SS) approach, which combines information from Principal Status (PS) and Subsidiary Status (SS) to reflect an individual’s usual activity status over a reference year. Estimates are reported for the total population as well as by gender (male/female) and by place of residence (rural/urban).",EPWRF; PLFS Annual Report 2025,2023-24,"2025; Released in March, 2026",,True,True,True,True,True,True,True,False,True,True,True,True,True,True,False,Available
"Male Labour Force Participation Rate, Age 15 Years and Above (%)",PLFS Annual Reports,https://www.mospi.gov.in/uploads/publications_reports/publications_reports1774607875944_68748a51-8150-4154-a9b9-2e7d81e2abdd_PLFS_2025_F.pdf,Share of males aged 15 years and above participating in the labour force.,EPWRF; PLFS Annual Report 2025,2023-24,"2025; Released in March, 2026",,True,True,True,True,True,True,True,False,True,True,True,True,True,True,False,Available
"Male Unemployment Rate, Age 15 Years and Above (%)",PLFS Annual Reports,https://www.mospi.gov.in/uploads/publications_reports/publications_reports1774607875944_68748a51-8150-4154-a9b9-2e7d81e2abdd_PLFS_2025_F.pdf,Share of unemployed males aged 15 years and above in the male labour force.,EPWRF; PLFS Annual Report 2025,2023-24,"2025; Released in March, 2026",,True,True,True,True,True,True,True,False,True,True,True,True,True,True,False,Available
Multidimensional Poverty Index,NFHS IV-V,NFHS,"The National Multidimensional Poverty Index (MPI) is calculated by multiplying the Headcount Ratio (proportion of multidimensionally poor people) and the Intensity of Poverty (the average percentage of deprivations experienced by poor individuals) across 12 indicators of health, education and living standards.","National Multidimensional Poverty Index (MPI), A Progress Review 2023, Table 1",2019-21,No Update Available,,True,True,True,True,True,True,True,False,True,True,True,True,True,True,False,Available
NFHS Sex Ratio (females per 1000 males),National Family Health Survey (NFHS) I-V,NFHS,"The NFHS Sex Ratio at Birth is the number of female births per 1,000 male births for children born in the last five years preceding the survey.",EPWRF,2019-21,No Update Available,,True,True,True,True,True,True,True,False,True,True,True,True,True,True,False,Available
"Percentage Distribution of Female Workers By Employment Status, Casual Labour (%)",PLFS Annual Reports,https://www.mospi.gov.in/uploads/publications_reports/publications_reports1774607875944_68748a51-8150-4154-a9b9-2e7d81e2abdd_PLFS_2025_F.pdf,"This indicator represents the proportion of female workers who are employed as casual labourers within the labour force. Casual labour refers to individuals, particularly women in this context, who are employed on a non-regular basis in either farm or non-farm enterprises, including both household-run and non-household businesses. These workers are compensated according to the specific terms of a short-term or day-to-day work agreement, rather than receiving a fixed or continuous salary, and is reported as a share of the total female labour force.",EPWRF; PLFS Annual Report 2025,2023-24,"2025; Released in March, 2026",,True,True,True,True,True,True,True,False,True,True,True,True,True,True,False,Available
"Percentage Distribution of Female Workers By Employment Status, Regular Wage/Salary (%)",PLFS Annual Reports,https://www.mospi.gov.in/uploads/publications_reports/publications_reports1774607875944_68748a51-8150-4154-a9b9-2e7d81e2abdd_PLFS_2025_F.pdf,"This indicator represents the proportion of female workers who are employed as regular wage or salaried employees within the labour force. Regular wage/salaried workers are individuals engaged in the farm or non-farm enterprises of others whether household-based or non-household enterprises and who receive wages or salaries on a recurring basis. Unlike casual labourers, their employment is not contingent on daily or short-term renewals of work contracts. This category includes workers who are paid by time (such as monthly or weekly salaries), those compensated by piece-rate wages, as well as paid apprentices engaged either full-time or part-time, and is reported as a share of the total female labour force.",EPWRF; PLFS Annual Report 2025,2023-24,"2025; Released in March, 2026",,True,True,True,True,True,True,True,False,True,True,True,True,True,True,False,Available
"Percentage Distribution of Female Workers By Employment Status, Self-employed (%)",PLFS Annual Reports,https://www.mospi.gov.in/uploads/publications_reports/publications_reports1774607875944_68748a51-8150-4154-a9b9-2e7d81e2abdd_PLFS_2025_F.pdf,"This indicator measures the percentage of female workers who are engaged in self-employment within the labour force. Self-employed workers are those who operate their own farm or non-farm enterprises, or pursue a trade or profession independently, either on their own account or in partnership with a small number of others. This measure captures the extent to which female workers are engaged in self-directed and independent economic activity, as opposed to wage or casual employment, and is reported as a share of the total female labour force.",EPWRF; PLFS Annual Report 2025,2023-24,"2025; Released in March, 2026",,True,True,True,True,True,True,True,False,True,True,True,True,True,True,False,Available
Population (in '000s),"Census 2011 ; Population Projections for Indian States 2011-2036” by the Technical Group on Population Projections, National Commission on Population Ministry of Health and Family Welfare, Government of India",https://censusindia.gov.in/census.website/node/378 | Report_Population_Projection_2019.pdf,Total Population as enumerated by the Census,"Office of the Registrar General of India, Ministry of Home Affairs; Population Projections for Indian States 2011-2036",2011; Jul-20,No Update Available,"None; Separate population projections for Andhra Pradesh and Telangana were prepared using re-casted population estimates from district-level data for the two States. For the years prior to 2014, combined Sample Registration System (SRS) estimates for Andhra Pradesh were used, while separate SRS estimates of fertility and mortality for Andhra Pradesh and Telangana were applied from 2014 onwards. The Census Population Projections are based on the Cohort Component Method, which projects the population annually for each birth cohort using the components of population change fertility, mortality, and net migration. Further methodological details are provided in Chapter 2 of the Population Projections Report 2011-2036.",True,True,True,True,True,True,True,True,True,True,True,True,True,True,True,Available
Population Density (per square km),Census; Population Projections for Indian States 2011-2036,https://censusindia.gov.in/census.website/node/378 | Report_Population_Projection_2019.pdf,"Population density measures the number of people living per square kilometre in a state and indicates population concentration. For India, the area and population of parts of Jammu & Kashmir under the illegal occupation of Pakistan and China are excluded from density calculations, except in the 2011 Census.","Office of the Registrar General of India, Ministry of Home Affairs; Population Projections for Indian States 2011-2036",2011; Jul-20,No Update Available,,True,True,True,True,True,True,True,False,True,True,True,True,True,True,False,Available
Population Growth Rate (Decadal & Annual),Population Projections for Indian States 2011-2036,Report_Population_Projection_2019.pdf,"Calculated as the rate at which the population of a State increases over a year, expressed as a percentage of the initial population",Population Projections for Indian States 2011-2036,2020-07-01 00:00:00,No Update Available,"Internally computed; Expressed as the rate at which the population of a State increases over a year, expressed as a percentage of the initial population",True,True,True,True,True,True,True,True,True,True,True,True,True,True,True,Available
Population Share (Decadal & Annual),Census; Population Projections for Indian States 2011-2036,https://censusindia.gov.in/census.website/node/378 | Report_Population_Projection_2019.pdf,Percentage share of a State in the total population of India.,"Office of the Registrar General of India, Ministry of Home Affairs; Population Projections for Indian States 2011-2036",2011; Jul-20,No Update Available,Internally computed; Expressed as the percentage share of a State in the total population of India.,True,True,True,True,True,True,True,True,True,True,True,True,True,True,True,Available
"Rural Female Labour Force Participation Rate, Age 15 Years and Above (%)",PLFS Annual Reports,https://www.mospi.gov.in/uploads/publications_reports/publications_reports1774607875944_68748a51-8150-4154-a9b9-2e7d81e2abdd_PLFS_2025_F.pdf,Share of rural females aged 15 years and above participating in the labour force.,EPWRF; PLFS Annual Report 2025,2023-24,"2025; Released in March, 2026",,True,True,True,True,True,True,True,False,True,True,True,True,True,True,False,Available
"Rural Female Unemployment Rate, Age 15 Years and Above (%)",PLFS Annual Reports,https://www.mospi.gov.in/uploads/publications_reports/publications_reports1774607875944_68748a51-8150-4154-a9b9-2e7d81e2abdd_PLFS_2025_F.pdf,Share of unemployed rural females aged 15 years and above in the rural female labour force.,EPWRF; PLFS Annual Report 2025,2023-24,"2025; Released in March, 2026",,True,True,True,True,True,True,True,False,True,True,True,True,True,True,False,Available
"Rural Labour Force Participation Rate, Age 15 Years and Above (%)",PLFS Annual Reports,https://www.mospi.gov.in/uploads/publications_reports/publications_reports1774607875944_68748a51-8150-4154-a9b9-2e7d81e2abdd_PLFS_2025_F.pdf,Share of individuals aged 15 years and above participating in the rural labour force.,EPWRF; PLFS Annual Report 2025,2023-24,"2025; Released in March, 2026",,True,True,True,True,True,True,True,False,True,True,True,True,True,True,False,Available
"Rural Male Labour Force Participation Rate, Age 15 Years and Above (%)",PLFS Annual Reports,https://www.mospi.gov.in/uploads/publications_reports/publications_reports1774607875944_68748a51-8150-4154-a9b9-2e7d81e2abdd_PLFS_2025_F.pdf,Share of rural males aged 15 years and above participating in the labour force.,EPWRF; PLFS Annual Report 2025,2023-24,"2025; Released in March, 2026",,True,True,True,True,True,True,True,False,True,True,True,True,True,True,False,Available
"Rural Male Unemployment Rate, Age 15 Years and Above (%)",PLFS Annual Reports,https://www.mospi.gov.in/uploads/publications_reports/publications_reports1774607875944_68748a51-8150-4154-a9b9-2e7d81e2abdd_PLFS_2025_F.pdf,Share of unemployed rural males aged 15 years and above in the rural male labour force.,EPWRF; PLFS Annual Report 2025,2023-24,"2025; Released in March, 2026",,True,True,True,True,True,True,True,False,True,True,True,True,True,True,False,Available
Rural Population (in '000s),Census; Population Projections for Indian States 2011-2036,https://censusindia.gov.in/census.website/node/378 | Report_Population_Projection_2019.pdf,"The rural population refers to the number of people (in thousands) residing in areas not classified as Urban by the Census of India. In other words, all geographical areas that do not meet the urban settlement criteria are designated as Rural Areas.","Office of the Registrar General of India, Ministry of Home Affairs; Population Projections for Indian States 2011-2036",2011; Jul-20,No Update Available,,True,True,True,True,True,True,True,False,True,True,True,True,True,True,False,Available
Rural Population Share of Total State Population (%),Census; Population Projections for Indian States 2011-2036,https://censusindia.gov.in/census.website/node/378 | Report_Population_Projection_2019.pdf,Share of population residing in rural areas. All areas which are not categorized as Urban area are considered as Rural Areas.,"Office of the Registrar General of India, Ministry of Home Affairs; Population Projections for Indian States 2011-2036",2011; Jul-20,No Update Available,Internally computed; expressed as the percentage share of the rural population in a State/India relative to the total population of that State/India.,True,True,True,True,True,True,True,True,True,True,True,True,True,True,True,Available
"Rural Unemployment Rate, Age 15 Years and Above (%)",PLFS Annual Reports,https://www.mospi.gov.in/uploads/publications_reports/publications_reports1774607875944_68748a51-8150-4154-a9b9-2e7d81e2abdd_PLFS_2025_F.pdf,Share of unemployed individuals aged 15 years and above in the rural labour force.,EPWRF; PLFS Annual Report 2025,2023-24,"2025; Released in March, 2026",,True,True,True,True,True,True,True,False,True,True,True,True,True,True,False,Available
Scheduled Castes Population (2011),Census 2011,Census Division | Government of India,"The Scheduled Castes population in 2011 refers to the number of individuals recorded in the Census of India who belong to castes officially declared as “Scheduled Castes” under Article 341 of the Constitution of India. A caste is designated as a Scheduled Caste through a Presidential order, and the classification is intended to identify historically marginalized groups that have suffered social disadvantage and exclusion.","Office of the Registrar General of India, Ministry of Home Affairs",2011,No Update Available,,True,True,True,True,True,True,True,False,True,True,True,True,True,True,False,Available
Scheduled Castes as a Share of Total Population (2011 Census),Census 2011,Census Division | Government of India,"Share of Population represents the percentage of the total population classified as Scheduled Castes (SC) / Scheduled Tribes under Article 341 of the Constitution, based on Census data.","Office of the Registrar General of India, Ministry of Home Affairs",2011,No Update Available,Internally computed; expressed as the percentage share of the Scheduled Castes population in a State/India relative to the total population of that State/India.,True,True,True,True,True,True,True,True,True,True,True,True,True,True,True,Available
Scheduled Tribes Population (2011),Census 2011,Census Division | Government of India,The Scheduled Tribes population in 2011 refers to the number of individuals in the Census of India classified as belonging to tribal communities formally notified as “Scheduled Tribes” under Article 342 of the Indian Constitution. The designation is state- or union territory–specific and aims to recognize the socio-economic and cultural distinctiveness and historic disadvantage of certain indigenous communities.,"Office of the Registrar General of India, Ministry of Home Affairs",2011,No Update Available,,True,True,True,True,True,True,True,False,True,True,True,True,True,True,False,Available
Scheduled Tribes as a Share of Total Population (2011 Census),Census 2011,Census Division | Government of India,"Represents the percentage of the total population classified as Scheduled Tribes (ST) under Article 342 of the Constitution, based on Census data.","Office of the Registrar General of India, Ministry of Home Affairs",2011,No Update Available,Internally computed; expressed as the percentage share of the Scheduled Tribes population in a State/India relative to the total population of that State/India.,True,True,True,True,True,True,True,True,True,True,True,True,True,True,True,Available
Share of Workers in Accommodation and Food Service Activities (%),PLFS Annual Reports,https://www.mospi.gov.in/uploads/publications_reports/publications_reports1774607875944_68748a51-8150-4154-a9b9-2e7d81e2abdd_PLFS_2025_F.pdf,"Percentage of total workers engaged in services activity under Accommodation and Food Service Activities under the broad structure of NIC 2008 Section I, covering Divisions 55–56.",EPWRF; PLFS Annual Report 2025,2023-24,"2025; Released in March, 2026",,True,True,True,True,True,True,True,False,True,True,True,True,True,True,False,Available
Share of Workers in Activities of Extraterritorial Organizations and Bodies (%),PLFS Annual Reports,https://www.mospi.gov.in/uploads/publications_reports/publications_reports1774607875944_68748a51-8150-4154-a9b9-2e7d81e2abdd_PLFS_2025_F.pdf,"Percentage of total workers engaged in services activity under Activities of Extraterritorial Organizations and Bodies under the broad structure of NIC 2008 Section U, covering Division 99.",EPWRF; PLFS Annual Report 2025,2023-24,"2025; Released in March, 2026",None; No sample observations were recorded for Industry Section U: Activities of Extraterritorial Organizations and Bodies under NIC-2008.,True,True,True,True,True,True,True,True,True,True,True,True,True,True,True,Available
Share of Workers in Activities of Households as Employers; Undifferentiated Goods and Services Producing Activities of Households for Own Use (%),PLFS Annual Reports,https://www.mospi.gov.in/uploads/publications_reports/publications_reports1774607875944_68748a51-8150-4154-a9b9-2e7d81e2abdd_PLFS_2025_F.pdf,"Percentage of total workers engaged in services activity under Activities of Households as Employers; Undifferentiated Goods and Services Producing Activities of Households for Own Use under the broad structure of NIC 2008 Section T, covering Divisions 97–98.",EPWRF; PLFS Annual Report 2025,2023-24,"2025; Released in March, 2026",,True,True,True,True,True,True,True,False,True,True,True,True,True,True,False,Available
Share of Workers in Administrative and Support Service Activities (%),PLFS Annual Reports,https://www.mospi.gov.in/uploads/publications_reports/publications_reports1774607875944_68748a51-8150-4154-a9b9-2e7d81e2abdd_PLFS_2025_F.pdf,"Percentage of total workers engaged in services activity under Administrative and Support Service Activities under the broad structure of NIC 2008 Section N, covering Divisions 77–82.",EPWRF; PLFS Annual Report 2025,2023-24,"2025; Released in March, 2026",,True,True,True,True,True,True,True,False,True,True,True,True,True,True,False,Available
"Share of Workers in Agriculture, Forestry and Fishing (%)",PLFS Annual Reports,https://www.mospi.gov.in/uploads/publications_reports/publications_reports1774607875944_68748a51-8150-4154-a9b9-2e7d81e2abdd_PLFS_2025_F.pdf,"Percentage of total workers engaged in agriculture, forestry and fishing represents the proportion of the labour force engaged in economic activities related to crop and animal production, hunting and related services, forestry and logging, and fishing and aquaculture (corresponding to Divisions 01, 02, and 03 of the PLFS report). Every subsector is classified under specific industrial divisions as per the National Industrial Classification (NIC), with detailed listings provided in Appendix C of the PLFS report.",EPWRF; PLFS Annual Report 2025,2023-24,"2025; Released in March, 2026",,True,True,True,True,True,True,True,False,True,True,True,True,True,True,False,Available
"Share of Workers in Arts, Entertainment and Recreation (%)",PLFS Annual Reports,https://www.mospi.gov.in/uploads/publications_reports/publications_reports1774607875944_68748a51-8150-4154-a9b9-2e7d81e2abdd_PLFS_2025_F.pdf,"Percentage of total workers engaged in services activity under Arts, Entertainment and Recreation under the broad structure of NIC 2008 Section R, covering Divisions 90–93.",EPWRF; PLFS Annual Report 2025,2023-24,"2025; Released in March, 2026",,True,True,True,True,True,True,True,False,True,True,True,True,True,True,False,Available
Share of Workers in Construction (%),PLFS Annual Reports,https://www.mospi.gov.in/uploads/publications_reports/publications_reports1774607875944_68748a51-8150-4154-a9b9-2e7d81e2abdd_PLFS_2025_F.pdf,"Percentage of total workers engaged in construction under the broad structure of NIC 2008 Section F, covering Divisions 41–43.",EPWRF; PLFS Annual Report 2025,2023-24,"2025; Released in March, 2026",,True,True,True,True,True,True,True,False,True,True,True,True,True,True,False,Available
Share of Workers in Education (%),PLFS Annual Reports,https://www.mospi.gov.in/uploads/publications_reports/publications_reports1774607875944_68748a51-8150-4154-a9b9-2e7d81e2abdd_PLFS_2025_F.pdf,"Percentage of total workers engaged in services activity under Education under the broad structure of NIC 2008 Section P, covering Division 85.",EPWRF; PLFS Annual Report 2025,2023-24,"2025; Released in March, 2026",,True,True,True,True,True,True,True,False,True,True,True,True,True,True,False,Available
"Share of Workers in Electricity, Gas, Steam and Air Conditioning Supply (%)",PLFS Annual Reports,https://www.mospi.gov.in/uploads/publications_reports/publications_reports1774607875944_68748a51-8150-4154-a9b9-2e7d81e2abdd_PLFS_2025_F.pdf,"Percentage of total workers engaged in industrial activities under electricity, gas, steam and air conditioning supply the broad structure of NIC 2008 Section D, covering Divisions 35.",EPWRF; PLFS Annual Report 2025,2023-24,"2025; Released in March, 2026",,True,True,True,True,True,True,True,False,True,True,True,True,True,True,False,Available
Share of Workers in Financial and Insurance Activities (%),PLFS Annual Reports,https://www.mospi.gov.in/uploads/publications_reports/publications_reports1774607875944_68748a51-8150-4154-a9b9-2e7d81e2abdd_PLFS_2025_F.pdf,"Percentage of total workers engaged in services activity under Financial and Insurance Activities under the broad structure of NIC 2008 Section K, covering Divisions 64–66.",EPWRF; PLFS Annual Report 2025,2023-24,"2025; Released in March, 2026",,True,True,True,True,True,True,True,False,True,True,True,True,True,True,False,Available
Share of Workers in Human Health and Social Work Activities (%),PLFS Annual Reports,https://www.mospi.gov.in/uploads/publications_reports/publications_reports1774607875944_68748a51-8150-4154-a9b9-2e7d81e2abdd_PLFS_2025_F.pdf,"Percentage of total workers engaged in services activity under Human Health and Social Work Activities under the broad structure of NIC 2008 Section Q, covering Divisions 86–88.",EPWRF; PLFS Annual Report 2025,2023-24,"2025; Released in March, 2026",,True,True,True,True,True,True,True,False,True,True,True,True,True,True,False,Available
Share of Workers in Industries (%),PLFS Annual Reports,https://www.mospi.gov.in/uploads/publications_reports/publications_reports1774607875944_68748a51-8150-4154-a9b9-2e7d81e2abdd_PLFS_2025_F.pdf,"Percentage of total workers engaged in industrial activities under the broad structure of NIC 2008 Sections B–F, including Mining and Quarrying (Section B), Manufacturing (Section C), Electricity, Gas, Steam and Air Conditioning Supply (Section D), Water Supply; Sewerage, Waste Management and Remediation Activities (Section E), and Construction (Section F), covering Divisions 05–43.",EPWRF; PLFS Annual Report 2025,2023-24,"2025; Released in March, 2026","Internally computed; Share of Workers in Industries (B+C+D+E+F) (%) represents the combined percentage of workers engaged in Mining and Quarrying (Section B), Manufacturing (Section C), Electricity, Gas, Steam and Air Conditioning Supply (Section D), Water Supply; Sewerage, Waste Management and Remediation Activities (Section E), and Construction (Section F), expressed as a share of total workers. This aggregated category is an alternative classification derived from the same underlying NIC-based data and should not be used alongside detailed NIC categories in the same analysis.",True,True,True,True,True,True,True,True,True,True,True,True,True,True,True,Available
Share of Workers in Information and Communication (%),PLFS Annual Reports,https://www.mospi.gov.in/uploads/publications_reports/publications_reports1774607875944_68748a51-8150-4154-a9b9-2e7d81e2abdd_PLFS_2025_F.pdf,"Percentage of total workers engaged in services activity under Information and Communication under the broad structure of NIC 2008 Section J, covering Divisions 58–63.",EPWRF; PLFS Annual Report 2025,2023-24,"2025; Released in March, 2026",,True,True,True,True,True,True,True,False,True,True,True,True,True,True,False,Available
Share of Workers in Manufacturing (%),PLFS Annual Reports,https://www.mospi.gov.in/uploads/publications_reports/publications_reports1774607875944_68748a51-8150-4154-a9b9-2e7d81e2abdd_PLFS_2025_F.pdf,"Percentage of total workers engaged in manufacturing under the broad structure of NIC 2008 Section C, covering Divisions 10–33.",EPWRF; PLFS Annual Report 2025,2023-24,"2025; Released in March, 2026",,True,True,True,True,True,True,True,False,True,True,True,True,True,True,False,Available
Share of Workers in Mining and Quarrying (%),PLFS Annual Reports,https://www.mospi.gov.in/uploads/publications_reports/publications_reports1774607875944_68748a51-8150-4154-a9b9-2e7d81e2abdd_PLFS_2025_F.pdf,"Percentage of total workers engaged in mining and quarrying under the broad structure of NIC 2008 Section B, covering Divisions 05–09.",EPWRF; PLFS Annual Report 2025,2023-24,"2025; Released in March, 2026",,True,True,True,True,True,True,True,False,True,True,True,True,True,True,False,Available
Share of Workers in Other Industries (%),PLFS Annual Reports,https://www.mospi.gov.in/uploads/publications_reports/publications_reports1774607875944_68748a51-8150-4154-a9b9-2e7d81e2abdd_PLFS_2025_F.pdf,"Percentage of total workers engaged in industrial activities under NIC 2008 Section D: Electricity, Gas, Steam and Air Conditioning Supply (Division 35) and Section E: Water Supply; Sewerage, Waste Management and Remediation Activities (Divisions 36–39).",EPWRF; PLFS Annual Report 2025,2023-24,"2025; Released in March, 2026","Internally computed; Share of Workers in Other Industries (D+E) (%) represents the combined percentage of workers engaged in Electricity, Gas, Steam and Air Conditioning Supply (Section D) and Water Supply; Sewerage, Waste Management and Remediation Activities (Section E), expressed as a share of total workers. This aggregated category is an alternative classification derived from the same underlying NIC-based data and should not be used alongside detailed NIC categories in the same analysis.",True,True,True,True,True,True,True,True,True,True,True,True,True,True,True,Available
"Share of Workers in Other Service Activities, Category S (%)",PLFS Annual Reports,https://www.mospi.gov.in/uploads/publications_reports/publications_reports1774607875944_68748a51-8150-4154-a9b9-2e7d81e2abdd_PLFS_2025_F.pdf,"Percentage of total workers engaged in services activity under Other Service Activities under the broad structure of NIC 2008 Section S, covering Divisions 94–96.",EPWRF; PLFS Annual Report 2025,2023-24,"2025; Released in March, 2026",,True,True,True,True,True,True,True,False,True,True,True,True,True,True,False,Available
Share of Workers in Other Services (%),PLFS Annual Reports,https://www.mospi.gov.in/uploads/publications_reports/publications_reports1774607875944_68748a51-8150-4154-a9b9-2e7d81e2abdd_PLFS_2025_F.pdf,"Percentage of total workers engaged in services activities under Financial and Insurance Activities (NIC 2008 Section K), Real Estate Activities (Section L), Professional, Scientific and Technical Activities (Section M), Administrative and Support Service Activities (Section N), Public Administration and Defence; Compulsory Social Security (Section O), Education (Section P), Human Health and Social Work Activities (Section Q), Arts, Entertainment and Recreation (Section R), Other Service Activities (Section S), Activities of Households as Employers; Undifferentiated Goods and Services Producing Activities of Households for Own Use (Section T), and Activities of Extraterritorial Organizations and Bodies (Section U), covering Divisions 64–99.",EPWRF; PLFS Annual Report 2025,2023-24,"2025; Released in March, 2026","Internally computed; Share of Workers in Other Services (K+L+M+N+O+P+Q+R+S+T+U) (%) represents the combined percentage of workers engaged in Financial and Insurance Activities (Section K), Real Estate Activities (Section L), Professional, Scientific and Technical Activities (Section M), Administrative and Support Service Activities (Section N), Public Administration and Defence; Compulsory Social Security (Section O), Education (Section P), Human Health and Social Work Activities (Section Q), Arts, Entertainment and Recreation (Section R), Other Service Activities (Section S), Activities of Households as Employers (Section T), and Activities of Extraterritorial Organizations and Bodies (Section U), expressed as a share of total workers. This aggregated category is an alternative classification derived from the same underlying NIC-based data and should not be used alongside detailed NIC categories in the same analysis.",True,True,True,True,True,True,True,True,True,True,True,True,True,True,True,Available
"Share of Workers in Professional, Scientific and Technical Activities (%)",PLFS Annual Reports,https://www.mospi.gov.in/uploads/publications_reports/publications_reports1774607875944_68748a51-8150-4154-a9b9-2e7d81e2abdd_PLFS_2025_F.pdf,"Percentage of total workers engaged in services activity under Professional, Scientific and Technical Activities under the broad structure of NIC 2008 Section M, covering Divisions 69–75.",EPWRF; PLFS Annual Report 2025,2023-24,"2025; Released in March, 2026",,True,True,True,True,True,True,True,False,True,True,True,True,True,True,False,Available
Share of Workers in Public Administration and Defence; Compulsory Social Security (%),PLFS Annual Reports,https://www.mospi.gov.in/uploads/publications_reports/publications_reports1774607875944_68748a51-8150-4154-a9b9-2e7d81e2abdd_PLFS_2025_F.pdf,"Percentage of total workers engaged in services activity under Public Administration and Defence; Compulsory Social Security under the broad structure of NIC 2008 Section O, covering Division 84.",EPWRF; PLFS Annual Report 2025,2023-24,"2025; Released in March, 2026",,True,True,True,True,True,True,True,False,True,True,True,True,True,True,False,Available
Share of Workers in Real Estate Activities (%),PLFS Annual Reports,https://www.mospi.gov.in/uploads/publications_reports/publications_reports1774607875944_68748a51-8150-4154-a9b9-2e7d81e2abdd_PLFS_2025_F.pdf,"Percentage of total workers engaged in services activity under Real Estate Activities under the broad structure of NIC 2008 Section L, covering Division 68.",EPWRF; PLFS Annual Report 2025,2023-24,"2025; Released in March, 2026",,True,True,True,True,True,True,True,False,True,True,True,True,True,True,False,Available
Share of Workers in Services (%),PLFS Annual Reports,https://www.mospi.gov.in/uploads/publications_reports/publications_reports1774607875944_68748a51-8150-4154-a9b9-2e7d81e2abdd_PLFS_2025_F.pdf,"Percentage of total workers engaged in service activities under NIC 2008 Sections G–U, including Wholesale and Retail Trade; Repair of Motor Vehicles and Motorcycles (Section G), Transportation and Storage (Section H), Accommodation and Food Service Activities (Section I), Information and Communication (Section J), Financial and Insurance Activities (Section K), Real Estate Activities (Section L), Professional, Scientific and Technical Activities (Section M), Administrative and Support Service Activities (Section N), Public Administration and Defence; Compulsory Social Security (Section O), Education (Section P), Human Health and Social Work Activities (Section Q), Arts, Entertainment and Recreation (Section R), Other Service Activities (Section S), Activities of Households as Employers (Section T), and Activities of Extraterritorial Organizations and Bodies (Section U), covering Divisions 45–99",EPWRF; PLFS Annual Report 2025,2023-24,"2025; Released in March, 2026","Internally computed; Share of Workers in Services (G+H+I+J+K+L+M+N+O+P+Q+R+S+T+U) (%) represents the combined percentage of workers engaged in Wholesale and Retail Trade; Repair of Motor Vehicles and Motorcycles (Section G), Transportation and Storage (Section H), Accommodation and Food Service Activities (Section I), Information and Communication (Section J), Financial and Insurance Activities (Section K), Real Estate Activities (Section L), Professional, Scientific and Technical Activities (Section M), Administrative and Support Service Activities (Section N), Public Administration and Defence; Compulsory Social Security (Section O), Education (Section P), Human Health and Social Work Activities (Section Q), Arts, Entertainment and Recreation (Section R), Other Service Activities (Section S), Activities of Households as Employers (Section T), and Activities of Extraterritorial Organizations and Bodies (Section U), expressed as a share of total workers. This aggregated category is an alternative classification derived from the same underlying NIC-based data and should not be used alongside detailed NIC categories in the same analysis.",True,True,True,True,True,True,True,True,True,True,True,True,True,True,True,Available
"Share of Workers in Trade, Hotel & Restaurant  (%)",PLFS Annual Reports,https://www.mospi.gov.in/uploads/publications_reports/publications_reports1774607875944_68748a51-8150-4154-a9b9-2e7d81e2abdd_PLFS_2025_F.pdf,"Percentage of total workers engaged in services activities under Wholesale and Retail Trade; Repair of Motor Vehicles and Motorcycles (NIC 2008 Section G) and Accommodation and Food Service Activities (NIC 2008 Section I), covering Divisions 45–47 and 55–56, respectively.",EPWRF; PLFS Annual Report 2025,2023-24,"2025; Released in March, 2026","Internally computed; Share of Workers in Trade, Hotel & Restaurant (G+I) (%) represents the combined percentage of workers engaged in Wholesale and Retail Trade; Repair of Motor Vehicles and Motorcycles (Section G) and Accommodation and Food Service Activities (Section I), expressed as a share of total workers. This aggregated category is an alternative classification derived from the same underlying NIC-based data and should not be used alongside detailed NIC categories in the same analysis.",True,True,True,True,True,True,True,True,True,True,True,True,True,True,True,Available
"Share of Workers in Transport, Storage & Communications (%)",PLFS Annual Reports,https://www.mospi.gov.in/uploads/publications_reports/publications_reports1774607875944_68748a51-8150-4154-a9b9-2e7d81e2abdd_PLFS_2025_F.pdf,"Percentage of total workers engaged in services activities under Transportation and Storage (NIC 2008 Section H) and Information and Communication (NIC 2008 Section J), covering Divisions 49–53 and 58–63.",EPWRF; PLFS Annual Report 2025,2023-24,"2025; Released in March, 2026","Internally computed; Share of Workers in Transport, Storage & Communications (H+J) (%) represents the combined percentage of workers engaged in Transportation and Storage (Section H) and Information and Communication (Section J), expressed as a share of total workers. This aggregated category is an alternative classification derived from the same underlying NIC-based data and should not be used alongside detailed NIC categories in the same analysis.",True,True,True,True,True,True,True,True,True,True,True,True,True,True,True,Available
Share of Workers in Transportation and Storage (%),PLFS Annual Reports,https://www.mospi.gov.in/uploads/publications_reports/publications_reports1774607875944_68748a51-8150-4154-a9b9-2e7d81e2abdd_PLFS_2025_F.pdf,"Percentage of total workers engaged in services activity under Transportation and Storage under the broad structure of NIC 2008 Section H, covering Divisions 49–53.",EPWRF; PLFS Annual Report 2025,2023-24,"2025; Released in March, 2026",,True,True,True,True,True,True,True,False,True,True,True,True,True,True,False,Available
"Share of Workers in Water Supply; Sewerage, Waste Management and Remediation Activities (%)",PLFS Annual Reports,https://www.mospi.gov.in/uploads/publications_reports/publications_reports1774607875944_68748a51-8150-4154-a9b9-2e7d81e2abdd_PLFS_2025_F.pdf,"Percentage of total workers engaged in industrial activities; water supply; sewerage, waste management and remediation under the broad structure of NIC 2008 Section E, covering Divisions 36-39.",EPWRF; PLFS Annual Report 2025,2023-24,"2025; Released in March, 2026",,True,True,True,True,True,True,True,False,True,True,True,True,True,True,False,Available
Share of Workers in Wholesale and Retail Trade; Repair of Motor Vehicles and Motorcycles (%),PLFS Annual Reports,https://www.mospi.gov.in/uploads/publications_reports/publications_reports1774607875944_68748a51-8150-4154-a9b9-2e7d81e2abdd_PLFS_2025_F.pdf,"Percentage of total workers engaged in services activity under Wholesale and Retail Trade; Repair of Motor Vehicles and Motorcycles under the broad structure of NIC 2008 Section G, covering Divisions 45–47.",EPWRF; PLFS Annual Report 2025,2023-24,"2025; Released in March, 2026",,True,True,True,True,True,True,True,False,True,True,True,True,True,True,False,Available
Sustainable Development Goals Index,NITI Aayog,https://www.niti.gov.in/sites/default/files/2024-07/SDG_India_Index_2023-24.pdf,"The SDG Index calculates goal-specific scores for the 16 Sustainable Development Goals (SDGs) across 113 indicators set by MoSPI to combine into composite scores, ranging from 0 to 100 representing the overall performance of a state. The higher the score, the closer the state is to meeting the SDG targets.",NITI Aayog,2023-24,No Update Available,,True,True,True,True,True,True,True,False,True,True,True,True,True,True,False,Available
"Unemployment Rate, Age 15 Years and Above (%)",Periodic Labour Force Survey (PLFS) Annual Reports,https://www.mospi.gov.in/uploads/publications_reports/publications_reports1774607875944_68748a51-8150-4154-a9b9-2e7d81e2abdd_PLFS_2025_F.pdf,"The unemployment rate measures the share of unemployed individuals within the labour force aged 15 years and above. Unemployed persons are those who, despite being available for work, had not worked due to lack of opportunities but were either actively seeking work or expressed willingness to accept work under prevailing conditions. It is calculated using the Usual Status (PS+SS) approach of the PLFS, which combines information from the Principal Status (PS) and Subsidiary Status (SS).",EPWRF; PLFS Annual Report 2025,2023-24,"2025; Released in March, 2026",,True,True,True,True,True,True,True,False,True,True,True,True,True,True,False,Available
"Urban Female Labour Force Participation Rate, Age 15 Years and Above (%)",PLFS Annual Reports,https://www.mospi.gov.in/uploads/publications_reports/publications_reports1774607875944_68748a51-8150-4154-a9b9-2e7d81e2abdd_PLFS_2025_F.pdf,Share of urban females aged 15 years and above participating in the labour force.,EPWRF; PLFS Annual Report 2025,2023-24,"2025; Released in March, 2026",,True,True,True,True,True,True,True,False,True,True,True,True,True,True,False,Available
"Urban Female Unemployment Rate, Age 15 Years and Above (%)",PLFS Annual Reports,https://www.mospi.gov.in/uploads/publications_reports/publications_reports1774607875944_68748a51-8150-4154-a9b9-2e7d81e2abdd_PLFS_2025_F.pdf,Share of unemployed urban females aged 15 years and above in the urban female labour force.,EPWRF; PLFS Annual Report 2025,2023-24,"2025; Released in March, 2026",,True,True,True,True,True,True,True,False,True,True,True,True,True,True,False,Available
"Urban Labour Force Participation Rate, Age 15 Years and Above (%)",PLFS Annual Reports,https://www.mospi.gov.in/uploads/publications_reports/publications_reports1774607875944_68748a51-8150-4154-a9b9-2e7d81e2abdd_PLFS_2025_F.pdf,Share of individuals aged 15 years and above participating in the urban labour force.,EPWRF; PLFS Annual Report 2025,2023-24,"2025; Released in March, 2026",,True,True,True,True,True,True,True,False,True,True,True,True,True,True,False,Available
"Urban Male Labour Force Participation Rate, Age 15 Years and Above (%)",PLFS Annual Reports,https://www.mospi.gov.in/uploads/publications_reports/publications_reports1774607875944_68748a51-8150-4154-a9b9-2e7d81e2abdd_PLFS_2025_F.pdf,Share of urban males aged 15 years and above participating in the labour force.,EPWRF; PLFS Annual Report 2025,2023-24,"2025; Released in March, 2026",,True,True,True,True,True,True,True,False,True,True,True,True,True,True,False,Available
"Urban Male Unemployment Rate, Age 15 Years and Above (%)",PLFS Annual Reports,https://www.mospi.gov.in/uploads/publications_reports/publications_reports1774607875944_68748a51-8150-4154-a9b9-2e7d81e2abdd_PLFS_2025_F.pdf,Share of unemployed urban males aged 15 years and above in the urban male labour force.,EPWRF; PLFS Annual Report 2025,2023-24,"2025; Released in March, 2026",,True,True,True,True,True,True,True,False,True,True,True,True,True,True,False,Available
Urban Population (in '000s),Census; Population Projections for Indian States 2011-2036,https://censusindia.gov.in/census.website/node/378 | Report_Population_Projection_2019.pdf,"The urban population refers to the number of people (in thousands) residing in areas classified as urban by the Census of India. Urban areas include all statutory towns, which are places with a municipal corporation, municipal council, cantonment board, or notified town area committee. They also include census towns, defined as settlements that meet three key criteria: (i) a minimum population of 5,000; (ii) at least 75% of the male working population engaged in non-agricultural activities; and (iii) a population density of at least 400 persons per square kilometre. In addition, certain contiguous areas adjoining a core town with a population of 50,000 or more may also be classified as urban, if they are highly likely to undergo urbanisation.","Office of the Registrar General of India, Ministry of Home Affairs; Population Projections for Indian States 2011-2036",2011; Jul-20,No Update Available,,True,True,True,True,True,True,True,False,True,True,True,True,True,True,False,Available
Urban Population Growth (%),Census; Population Projections for Indian States 2011-2036,https://censusindia.gov.in/census.website/node/378 | Report_Population_Projection_2019.pdf,"Year-over-year growth rate of the urban population as defined by the Census, including statutory towns, census towns, and urbanising adjoining areas.","Office of the Registrar General of India, Ministry of Home Affairs; Population Projections for Indian States 2011-2036",2011; Jul-20,No Update Available,Internally computed; Measured as the year-on-year percentage growth in the urban population.,True,True,True,True,True,True,True,True,True,True,True,True,True,True,True,Available
Urban Population as a Share of Total State Population (%),Census; Population Projections for Indian States 2011-2036,https://censusindia.gov.in/census.website/node/378 | Report_Population_Projection_2019.pdf,"Share of population residing in Urban units. Census Urban Settlements are those that are administratively urban, those that have a population greater than 5,000, 75% of male population working in non-agriculture, and a density of 400 people per sq. Km; and that border a core town of 50,000 people and have a high probability of urbanization.","Office of the Registrar General of India, Ministry of Home Affairs; Population Projections for Indian States 2011-2036",2011; Jul-20,No Update Available,Internally computed; expressed as the percentage share of the urban population in a State/India relative to the total population of that State/India.,True,True,True,True,True,True,True,True,True,True,True,True,True,True,True,Available
"Urban Unemployment Rate, Age 15 Years and Above (%)",PLFS Annual Reports,https://www.mospi.gov.in/uploads/publications_reports/publications_reports1774607875944_68748a51-8150-4154-a9b9-2e7d81e2abdd_PLFS_2025_F.pdf,Share of unemployed individuals aged 15 years and above in the urban labour force.,EPWRF; PLFS Annual Report 2025,2023-24,"2025; Released in March, 2026",,True,True,True,True,True,True,True,False,True,True,True,True,True,True,False,Available
