State,First_Year,Latest_Year,Distinct_Years,Available_Indicators,Observed_Records
Andhra Pradesh,1951,2036,43,68,690
Arunachal Pradesh,1961,2036,42,67,667
Assam,1951,2036,43,68,690
Bihar,1951,2036,43,68,691
Chhattisgarh,1951,2036,39,68,682
Goa,1951,2036,43,68,681
Gujarat,1951,2036,43,68,691
Haryana,1951,2036,43,67,690
Himachal Pradesh,1951,2036,43,68,691
India,1951,2036,43,68,691
Jharkhand,1951,2036,38,68,681
Karnataka,1951,2036,43,68,691
Kerala,1951,2036,43,68,691
Madhya Pradesh,1951,2036,43,68,691
Maharashtra,1951,2036,43,68,691
Manipur,1951,2036,43,68,681
Meghalaya,1951,2036,43,68,681
Mizoram,1951,2036,43,68,681
Nagaland,1951,2036,43,67,680
Odisha,1951,2036,43,68,691
Punjab,1951,2036,43,67,690
Rajasthan,1951,2036,43,68,691
Sikkim,1951,2036,43,68,680
Tamil Nadu,1951,2036,43,68,691
Telangana,1961,2036,31,63,633
Tripura,1951,2036,43,68,681
Uttar Pradesh,1951,2036,43,68,691
Uttarakhand,1951,2036,38,68,681
West Bengal,1951,2036,43,68,691
